{"Numb_Para": 9988097, "_timestamp": 1689603524.31046, "_runtime": 22472.29754805565, "_step": 8837, "current loss": 4.67262601852417, "all": 4.177404, "nll": 3.706958, "itm": 0.470446, "temp_para": 0.0021859321277588606, "best_epoch": 1, "current_epoch": 1, "Ri": 2.890533, "Rt": 2.730178, "Rall": 5.62071, "Ctemp_para": 0.0021859321277588606, "eval_loss": 0.3792899408284027, "weight_1": 0}