{"Numb_Para": 9988097, "_timestamp": 1689669098.7411263, "_runtime": 88046.72821426392, "_step": 34810, "current loss": 3.7804441452026367, "all": 3.877809, "nll": 3.446855, "itm": 0.430955, "temp_para": 0.003037976799532771, "best_epoch": 7, "current_epoch": 8, "Ri": 2.91716, "Rt": 2.753452, "Rall": 5.670611, "Ctemp_para": 0.0029719180893152952, "eval_loss": 0.32938856015779017, "weight_1": 0, "Cweight_1": 0, "_wandb": {"runtime": 88048}}