{"Numb_Para": 9988097, "_timestamp": 1689166062.599373, "_runtime": 3.559885025024414, "_step": 0, "_wandb": {"runtime": 16}}