{"Numb_Para": 4725772, "_timestamp": 1689760752.7164197, "_runtime": 225.00686478614807, "_step": 61, "current loss": 14.428013801574707, "_wandb": {"runtime": 226}}