{"Numb_Para": 4725772, "_timestamp": 1689773668.088331, "_runtime": 12810.398339986801, "_step": 3626, "current loss": 12.088568687438965, "all": 15.288337, "nll": 14.216355, "itm": 1.071982, "_wandb": {"runtime": 12933}}