{"Numb_Para": 4724737, "_timestamp": 1689845591.2227669, "_runtime": 1151.8861229419708, "_step": 334, "current loss": 4.921443939208984, "_wandb": {"runtime": 1154}}