{"Numb_Para": 4725772, "_timestamp": 1689758384.211329, "_runtime": 196.08174300193787, "_step": 53, "current loss": 21.50661277770996, "_wandb": {"runtime": 196}}