{"Numb_Para": 9988097, "_timestamp": 1687086819.3543952, "_runtime": 3.207273244857788, "_step": 0, "_wandb": {"runtime": 210}}