{"Numb_Para": 9988097, "_timestamp": 1689257246.0556843, "_runtime": 3274.1341893672943, "_step": 1286, "current loss": 1.866969108581543, "_wandb": {"runtime": 3275}}