{"Numb_Para": 9988097, "_timestamp": 1687084483.9721963, "_runtime": 3.337972402572632, "_step": 0, "_wandb": {"runtime": 104}}