{"Numb_Para": 9988097, "_timestamp": 1687087091.801864, "_runtime": 3.281646966934204, "_step": 0, "_wandb": {"runtime": 6}}