{"Numb_Para": 9988097, "_timestamp": 1689257417.0995913, "_runtime": 75.88170528411865, "_step": 28, "current loss": 7.592235088348389, "_wandb": {"runtime": 76}}