{"Numb_Para": 9988097, "_timestamp": 1689257297.4358442, "_runtime": 4.705718278884888, "_step": 0, "_wandb": {"runtime": 7}}