{"Numb_Para": 9988097, "_timestamp": 1689238353.503797, "_runtime": 5.770180940628052, "_step": 0, "_wandb": {"runtime": 7}}