{"Numb_Para": 9988097, "_timestamp": 1689166406.271224, "_runtime": 3.487147092819214, "_step": 0, "_wandb": {"runtime": 52}}