{"Numb_Para": 9988097, "_timestamp": 1687084378.8411112, "_runtime": 3.690667152404785, "_step": 0, "_wandb": {"runtime": 48}}