{"Numb_Para": 9988097, "_timestamp": 1687078103.850902, "_runtime": 3.243307113647461, "_step": 0, "_wandb": {"runtime": 6030}}