{"Numb_Para": 9988097, "_timestamp": 1687087168.5686214, "_runtime": 22.27425742149353, "_step": 7, "current loss": 9.889100074768066, "_wandb": {"runtime": 23}}