{"Numb_Para": 9988097, "_timestamp": 1689235688.6515954, "_runtime": 142.19753432273865, "_step": 54, "current loss": 8.08008098602295, "_wandb": {"runtime": 142}}