{"Numb_Para": 9988097, "_timestamp": 1689580951.640627, "_runtime": 71.3189070224762, "_step": 25, "current loss": 10.68064022064209, "_wandb": {"runtime": 71}}