{"Numb_Para": 9988097, "_timestamp": 1689165968.5984943, "_runtime": 3.3669142723083496, "_step": 0, "_wandb": {"runtime": 53}}