{"Numb_Para": 18636801, "_timestamp": 1689862021.9769342, "_runtime": 538.651917219162, "_step": 157, "current loss": 7.470107078552246}