{"Numb_Para": 1581057, "_timestamp": 1689674303.286335, "_runtime": 899.6768620014191, "_step": 368, "current loss": 8.330870628356934, "_wandb": {"runtime": 900}}