{"Numb_Para": 4725772, "_timestamp": 1689760334.5325532, "_runtime": 1686.5040872097015, "_step": 474, "current loss": 12.354484558105469, "_wandb": {"runtime": 1685}}