{"Numb_Para": 9988097, "_timestamp": 1689242749.2003279, "_runtime": 3069.789171934128, "_step": 1197, "current loss": 2.0301504135131836, "_wandb": {"runtime": 3067}}