{"Numb_Para": 9988097, "_timestamp": 1689166217.7967532, "_runtime": 107.59151005744934, "_step": 2, "current loss": 11.721041679382324, "_wandb": {"runtime": 109}}