{"Numb_Para": 9988097, "_timestamp": 1689562718.7329786, "_runtime": 213624.44314861298, "_step": 84167, "current loss": 1.6831209659576416, "all": 1.669738, "nll": 1.262154, "itm": 0.407584, "temp_para": 0.050070278346538544, "best_epoch": 19, "current_epoch": 22, "Ri": 2.945759, "Rt": 2.7714, "Rall": 5.71716, "Ctemp_para": 0.05027974769473076, "eval_loss": 0.2828402366863907, "weight_1": 0, "Cweight_1": 0, "_wandb": {"runtime": 213625}}