{"Numb_Para": 9988097, "_timestamp": 1689417529.6720877, "_runtime": 68435.38225769997, "_step": 26871, "current loss": 1.7721776962280273, "all": 1.682845, "nll": 1.238666, "itm": 0.444179, "temp_para": 0.04368738830089569, "best_epoch": 5, "current_epoch": 6, "Ri": 2.918146, "Rt": 2.745759, "Rall": 5.663905, "Ctemp_para": 0.04339441657066345, "eval_loss": 0.33609467455621367, "weight_1": 0, "Cweight_1": 0}