{"Numb_Para": 4725772, "_timestamp": 1689757794.475498, "_runtime": 6.084845066070557, "_step": 0, "_wandb": {"runtime": 10}}