{"Numb_Para": 9988097, "_timestamp": 1689165899.9287345, "_runtime": 3.5525455474853516, "_step": 0, "_wandb": {"runtime": 37}}