{"Numb_Para": 9988097, "_timestamp": 1689238363.226087, "_runtime": 42.13462805747986, "_step": 242, "current loss": 5.501949310302734, "_wandb": {"runtime": 41}}