{"Numb_Para": 18636801, "_timestamp": 1689858596.2664487, "_runtime": 12249.919972658157, "_step": 3626, "current loss": 3.992903470993042, "all": 4.719082, "nll": 4.083986, "itm": 0.635096, "_wandb": {"runtime": 12370}}