{"Numb_Para": 9988097, "_timestamp": 1687085762.0838013, "_runtime": 3.387258291244507, "_step": 0, "_wandb": {"runtime": 28}}