{"Numb_Para": 9988097, "_timestamp": 1689239646.434735, "_runtime": 186.63420701026917, "_step": 69, "current loss": 7.786524772644043, "_wandb": {"runtime": 188}}