{"Numb_Para": 9988097, "_timestamp": 1687085815.9026537, "_runtime": 3.315152645111084, "_step": 0, "_wandb": {"runtime": 951}}