{"Numb_Para": 4725772, "_timestamp": 1689760833.0554638, "_runtime": 53.894195795059204, "_step": 13, "current loss": 43.77284240722656, "_wandb": {"runtime": 55}}