{"Numb_Para": 9988097, "_timestamp": 1687085255.4516637, "_runtime": 3.1720328330993652, "_step": 0, "_wandb": {"runtime": 467}}