{"Numb_Para": 1581057, "_timestamp": 1689731312.6568198, "_runtime": 56964.60460186005, "_step": 23061, "current loss": 4.3011627197265625, "all": 4.678612, "nll": 4.160718, "itm": 0.517894, "temp_para": 0.0581539012491703, "best_epoch": 5, "current_epoch": 5, "Ri": 2.643984, "Rt": 2.323471, "Rall": 4.967456, "Ctemp_para": 0.0581539012491703, "eval_loss": 1.0325443786982245, "weight_1": 0, "Cweight_1": 0, "_wandb": {"runtime": 56964}}