{"Numb_Para": 4725772, "_timestamp": 1689842342.1942115, "_runtime": 59542.31630253792, "_step": 16617, "current loss": 12.088077545166016, "all": 12.087958, "nll": 11.067279, "itm": 1.020679, "temp_para": 0.49984824657440186, "best_epoch": 0, "current_epoch": 3, "Ri": 0.015779, "Rt": 0.015187, "Rall": 0.030966, "R1i": 0.000986, "R5i": 0.004931, "R10i": 0.009862, "R1t": 0.000986, "R5t": 0.004931, "R10t": 0.00927, "Ctemp_para": 0.4999995231628418, "eval_loss": 5.969033530571992, "weight_1": 0, "Cweight_1": 0, "_wandb": {"runtime": 59543}}