{"Numb_Para": 4725772, "_timestamp": 1689782831.5105681, "_runtime": 31.632659196853638, "_step": 7, "current loss": 43.97359085083008}