{"Numb_Para": 9988097, "_timestamp": 1687244506.8936317, "_runtime": 157311.03292679787, "_step": 61659, "current loss": 3.01373553276062, "all": 3.060703, "nll": 2.843953, "itm": 0.216749, "temp_para": 0.026205239817500114, "best_epoch": 11, "current_epoch": 16, "Ri": 2.942801, "Rt": 2.781262, "Rall": 5.724063, "Ctemp_para": 0.025780396535992622, "weight_1": 0, "Cweight_1": 0, "_wandb": {"runtime": 157439}}