{"Numb_Para": 9988097, "_timestamp": 1689165675.7016346, "_runtime": 3.652822732925415, "_step": 0, "_wandb": {"runtime": 39}}