{"Numb_Para": 1579009, "_timestamp": 1689673364.7004704, "_runtime": 1218.8611085414886, "_step": 503, "current loss": 8.003308296203613, "_wandb": {"runtime": 1218}}