{"Numb_Para": 9988097, "_timestamp": 1689324305.2899199, "_runtime": 66804.12411284447, "_step": 25949, "current loss": 2.817390203475952, "all": 2.16536, "nll": 1.646347, "itm": 0.519013, "temp_para": 0.03939538821578026, "best_epoch": 3, "current_epoch": 6, "Ri": 2.914201, "Rt": 2.754241, "Rall": 5.668442, "Ctemp_para": 0.04114721342921257, "eval_loss": 0.3315581854043401, "weight_1": 0, "Cweight_1": 0}