{"Numb_Para": 9988097, "_timestamp": 1689319019.7318878, "_runtime": 61518.56608080864, "_step": 23941, "current loss": 1.877838134765625, "all": 2.042145, "nll": 1.532075, "itm": 0.510069, "temp_para": 0.03939538821578026, "best_epoch": 3, "current_epoch": 5, "Ri": 2.914201, "Rt": 2.754241, "Rall": 5.668442, "Ctemp_para": 0.04194260388612747, "eval_loss": 0.3315581854043401, "weight_1": 0, "Cweight_1": 0}