{"Numb_Para": 9988097, "_timestamp": 1689348827.6669457, "_runtime": 91326.50113868713, "_step": 35489, "current loss": 1.8327062129974365, "all": 1.955338, "nll": 1.489094, "itm": 0.466244, "temp_para": 0.043925102800130844, "best_epoch": 8, "current_epoch": 8, "Ri": 2.925049, "Rt": 2.750493, "Rall": 5.675542, "Ctemp_para": 0.043925102800130844, "eval_loss": 0.32445759368836224, "weight_1": 0, "Cweight_1": 0, "_wandb": {"runtime": 91322}}