{"Numb_Para": 1579009, "_timestamp": 1689672121.369585, "_runtime": 44.28389501571655, "_step": 16, "current loss": 8.864705085754395, "_wandb": {"runtime": 45}}