{"Numb_Para": 9988097, "_timestamp": 1689669404.3584647, "_runtime": 48.648568630218506, "_step": 17, "current loss": 9.064739227294922, "_wandb": {"runtime": 48}}