{"Numb_Para": 9988097, "_timestamp": 1689238049.4768462, "_runtime": 1967.5029532909393, "_step": 4730, "current loss": 2.6944940090179443, "_wandb": {"runtime": 1967}}