{"Numb_Para": 9988097, "_timestamp": 1687084606.442974, "_runtime": 3.237368106842041, "_step": 0, "_wandb": {"runtime": 57}}