{"Numb_Para": 4725772, "_timestamp": 1689749108.1339118, "_runtime": 14917.203579902649, "_step": 1981, "current loss": 12.53024673461914}