{"Numb_Para": 4725772, "_timestamp": 1689755205.021934, "_runtime": 21014.09160208702, "_step": 3641, "current loss": 12.140596389770508, "all": 27.033327, "nll": 25.193417, "itm": 1.83991, "temp_para": 0.07000000029802322, "best_epoch": 0, "current_epoch": 0, "Ri": 0.018738, "Rt": 0.015779, "Rall": 0.034517, "R1i": 0.000986, "R5i": 0.006903, "R10i": 0.010848, "R1t": 0.000986, "R5t": 0.004931, "R10t": 0.009862, "Ctemp_para": 0.07000000029802322, "eval_loss": 5.965483234714004, "weight_1": 0, "_wandb": {"runtime": 21015}}