{"Numb_Para": 9988097, "_timestamp": 1689669286.416587, "_runtime": 5.549598217010498, "_step": 0, "_wandb": {"runtime": 14}}