{"Numb_Para": 9988097, "_timestamp": 1689253845.8981342, "_runtime": 11073.769606113434, "_step": 4306, "current loss": 1.853968858718872, "all": 2.458687, "nll": 1.847415, "itm": 0.611272, "temp_para": 0.03332246094942093, "best_epoch": 0, "current_epoch": 0, "Ri": 2.860947, "Rt": 2.691716, "Rall": 5.552663, "Ctemp_para": 0.03332246094942093, "weight_1": 0, "_wandb": {"runtime": 11073}}